grade,score,username
7.5,0.7255555555555556,97
5,0.5111111111111111,30
7.5,0.7666666666666667,54
7.5,0.75,73
6.5,0.6644444444444445,135
8.5,0.8366666666666667,65
2.5,0.2722222222222222,27
5,0.505,76
7.5,0.773888888888889,69
6,0.5933333333333333,19
