grade,score,username
8,0.7777777777777777,Mistral Nemo
8,0.7777777777777777,GPT 4o
